image,fp32_mse,fp32_psnr_db,int8_weight_mse,int8_weight_psnr_db,fp32_to_int8_psnr_loss_db,bicubic_mse,bicubic_psnr_db
0805,0.00038065071566961706,34.19473349343483,0.00038689267239533365,34.12409495578337,0.07063853765146177,0.0004558192449621856,33.41207342594784
0806,0.0012578342575579882,29.00376581283577,0.0012618955224752426,28.989766006313328,0.013999806522441816,0.0015351194888353348,28.138578147651817
0807,0.0018997900187969208,27.212943983721036,0.001903591095469892,27.204263353911067,0.008680629809969531,0.0020551090128719807,26.871651361075877
0808,0.004591694101691246,23.380270523114426,0.004595823585987091,23.37636650371653,0.003904019397896974,0.005315662361681461,22.74442612213026
0809,9.965169010683894e-05,40.015153312048426,0.00010431409464217722,39.81657006896945,0.19858324307897846,0.00012914437684230506,38.88924498972071
0810,0.002971700159832835,25.26995012374208,0.0029733353294432163,25.26756108785507,0.0023890358870097828,0.003671752754598856,24.35126570643059
0811,0.0003108502132818103,35.0744883031583,0.0003114457649644464,35.06617570280534,0.008312600352958555,0.0003972537233494222,34.009320235792856
0812,0.0003362689749337733,34.73313199996152,0.0003374741645529866,34.71759469119022,0.015537308771300218,0.0004177805967628956,33.79051734088803
0813,0.0007697324035689235,31.136602304796746,0.0007707576733082533,31.1308214294418,0.005780875354947312,0.0009869046043604612,30.057248248401073
0814,0.001288767671212554,28.898253667462658,0.0012928281212225556,28.88459209819061,0.013661569272048979,0.001541574951261282,28.12035355058224
0815,0.0006890740478411317,31.617341063349578,0.0006924925255589187,31.595849098101354,0.02149196524822372,0.0008252063998952508,30.83437412511278
0816,0.00027870043413713574,35.548623547771314,0.0002806195116136223,35.51882135547399,0.029802192297324837,0.0003280702221672982,34.840331872772275
0817,0.0007985642878338695,30.97690115558511,0.0008027249714359641,30.954332266355877,0.022568889229233946,0.001029966864734888,29.87176746842664
0818,0.0015013243537396193,28.235254704338743,0.0015092912362888455,28.21226949681513,0.022985207523614548,0.0019612950272858143,27.074570727856113
0819,0.0002906810259446502,35.365833156546614,0.00029162413557060063,35.35176535527722,0.014067801269391111,0.00037146382965147495,34.300834681686545
0820,0.0005894469213671982,32.29555296243508,0.0005948658799752593,32.25580940410091,0.0397435583341732,0.0006764678400941193,31.6975284533636
0821,0.00019340873404871672,37.13523917721918,0.000193946689250879,37.12317629584659,0.01206288137258582,0.00024807779118418694,36.05412113591069
0822,0.0005237065488472581,32.80911995297589,0.0005278235184960067,32.77511262608805,0.034007326887838474,0.0006323432317003608,31.990471255613095
0823,0.0021332749165594578,26.709531731247928,0.002138200681656599,26.699515363367958,0.01001636787997029,0.0024597523733973503,26.091086117096957
0824,0.003961505834013224,24.021397001620105,0.003966543357819319,24.015877941299117,0.0055190603209887,0.004748402163386345,23.23452505820427

AGGREGATE
FP32,0.0012433313655492383,29.05413110255573,31.18170439886827
INT8_WEIGHT_ONLY,0.0012468245266063604,29.041946631925715,31.15401675504515
BICUBIC,0.0014893583429511636,28.270007974507845,30.318714501233217

FP32_TO_INT8_PSNR_LOSS_DB,0.012184470630014488
INT8_WINS_VS_BICUBIC,20,20
