layer,output_channel,scale
conv1,0,0.003628576174378395
conv1,1,0.002916480880230665
conv1,2,0.0020718376617878675
conv1,3,0.0033033278305083513
conv1,4,0.0033398789819329977
conv1,5,0.004269300028681755
conv1,6,0.0033980587031692266
conv1,7,0.004184503108263016
conv2,0,0.0023805336095392704
conv2,1,0.003288145177066326
conv2,2,0.0025729602202773094
conv2,3,0.0027205711230635643
conv2,4,0.0008841361268423498
conv2,5,0.0023785042576491833
conv2,6,0.002874517347663641
conv2,7,0.002423470839858055
conv3,0,0.0018904977478086948
