image,residual_mse,residual_psnr_db,torch_bilinear_mse,torch_bilinear_psnr_db,pil_bilinear_mse,pil_bilinear_psnr_db,bicubic_mse,bicubic_psnr_db
0805,0.00038065071566961706,34.19473349343483,0.0006024050526320934,32.20111394176156,0.00060532137285918,32.18013991623654,0.0004558192449621856,33.41207342594784
0806,0.0012578342575579882,29.00376581283577,0.0019137482158839703,27.18115201170029,0.0019160520751029253,27.175926916966652,0.0015351194888353348,28.138578147651817
0807,0.0018997900187969208,27.212943983721036,0.0022257622331380844,26.525212309947193,0.0022282300051301718,26.52039981899035,0.0020551090128719807,26.871651361075877
0808,0.004591694101691246,23.380270523114426,0.006218397058546543,22.063215507344015,0.006221297197043896,22.061190515180872,0.005315662361681461,22.74442612213026
0809,9.965169010683894e-05,40.015153312048426,0.0002319769555469975,36.34555155522287,0.0002346289111301303,36.2961847486894,0.00012914437684230506,38.88924498972071
0810,0.002971700159832835,25.26995012374208,0.004707767628133297,23.271849817483208,0.0047101471573114395,23.26965524164104,0.003671752754598856,24.35126570643059
0811,0.0003108502132818103,35.0744883031583,0.0005586688057519495,32.52845577553407,0.0005616762209683657,32.505139619540586,0.0003972537233494222,34.009320235792856
0812,0.0003362689749337733,34.73313199996152,0.0005317243048921227,32.743134878158095,0.0005348704871721566,32.71751364737033,0.0004177805967628956,33.79051734088803
0813,0.0007697324035689235,31.136602304796746,0.0013756360858678818,28.614964402302654,0.0013783890753984451,28.606281776036827,0.0009869046043604612,30.057248248401073
0814,0.001288767671212554,28.898253667462658,0.0019961269572377205,26.99811840265911,0.001998479710891843,26.993002564568876,0.001541574951261282,28.12035355058224
0815,0.0006890740478411317,31.617341063349578,0.0010115092154592276,29.95030156190399,0.001014707493595779,29.936591323570156,0.0008252063998952508,30.83437412511278
0816,0.00027870043413713574,35.548623547771314,0.0004390612884890288,33.574748524349765,0.00044217336107976735,33.54407425223039,0.0003280702221672982,34.840331872772275
0817,0.0007985642878338695,30.97690115558511,0.0013699894770979881,28.632827686507675,0.0013729184865951538,28.623552470843087,0.001029966864734888,29.87176746842664
0818,0.0015013243537396193,28.235254704338743,0.0025974945165216923,25.854453605934545,0.0026009012944996357,25.84876129183423,0.0019612950272858143,27.074570727856113
0819,0.0002906810259446502,35.365833156546614,0.0005521534476429224,32.579402117569614,0.0005551500944420695,32.55589581967074,0.00037146382965147495,34.300834681686545
0820,0.0005894469213671982,32.29555296243508,0.0008345698588527739,30.785373042280675,0.0008375876932404935,30.769697124144685,0.0006764678400941193,31.6975284533636
0821,0.00019340873404871672,37.13523917721918,0.0003763190470635891,34.24443799683674,0.0003792080678977072,34.211224313387675,0.00024807779118418694,36.05412113591069
0822,0.0005237065488472581,32.80911995297589,0.0008281071786768734,30.81913450539264,0.0008308091782964766,30.804987142776522,0.0006323432317003608,31.990471255613095
0823,0.0021332749165594578,26.709531731247928,0.002955941017717123,25.293042360199543,0.0029583065770566463,25.28956820932543,0.0024597523733973503,26.091086117096957
0824,0.003961505834013224,24.021397001620105,0.005651642568409443,22.478253124066395,0.005655437707901001,22.47533776809323,0.004748402163386345,23.23452505820427

SUMMARY
Residual CNN,0.0012433313655492383,29.05413110255573,31.18170439886827
Torch bilinear,0.0018489500456780662,27.33074822307259,29.134237156357738
PIL bilinear,0.0018518146083806642,27.32402494213172,29.119256224054887
Bicubic,0.0014893583429511636,28.270007974507845,30.318714501233217

Residual wins vs bicubic,20,20
Residual wins vs exact Torch bilinear,20,20
