epoch,global_step,train_mse,val_mse,train_psnr_db,val_psnr_db
1,63,0.0011732722650049255,0.0016508387867361306,29.306011954985664,27.82295335852542
2,126,0.0010191409576218574,0.0015092979650944472,29.917657444688604,28.212250134901677
3,189,0.0009536036136560142,0.0014331572223454715,30.206321118531122,28.437061633698484
4,252,0.0009233036222867668,0.0013993409695103765,30.346554606203927,28.540764505300906
5,315,0.0008981945081613958,0.001376658887602389,30.466296046757677,28.611736571171853
6,378,0.0008839971604757011,0.0013576428405940532,30.535491300001787,28.6721446625605
7,441,0.0008714340414153412,0.0013420956674963236,30.597654789308173,28.72216525608976
8,504,0.0008613191302865743,0.0013281862484291196,30.648359068002815,28.767410206054326
9,567,0.0008535091838566586,0.001316742948256433,30.68791801465696,28.80498998804178
10,630,0.0008477905399631709,0.0013093738583847881,30.717114337983652,28.829363340055654
11,693,0.0008424358462216332,0.0013021780643612147,30.744631619020602,28.853296247678966
12,756,0.0008374777950812131,0.0012958863750100135,30.77026699039228,28.87433076296819
13,819,0.0008336595264263451,0.0012924185954034328,30.790112826775857,28.885968019519787
14,882,0.0008303923308849335,0.0012868036283180118,30.807166704177448,28.90487723215926
15,945,0.0008259939261479303,0.0012806398095563053,30.830231462027854,28.925730019637438
16,1008,0.0008232917278073728,0.0012765813851729035,30.844462482295093,28.939514926460156
17,1071,0.0008206204157322646,0.0012740058824419974,30.858576826779363,28.94828566736774
18,1134,0.0008185330564156175,0.0012701260391622781,30.869637769374364,28.961531803065142
19,1197,0.0008165192832238972,0.0012697082245722413,30.880335543457548,28.962960672461385
20,1260,0.0008144795140251518,0.0012671105563640595,30.891198346921456,28.971854909380585
21,1323,0.0008143359995447099,0.0012640214059501886,30.891963658235984,28.98245571301
22,1386,0.0008123052644077688,0.0012668920215219259,30.902807321702646,28.97260398893643
23,1449,0.0008093662748578936,0.0012600196525454522,30.918548960011194,28.996226811320525
24,1512,0.000807540572131984,0.0012598812114447354,30.92835648798225,28.996704006332674
25,1575,0.000806860466953367,0.0012563503114506602,30.932015627644695,29.008892482441787
26,1638,0.0008044991799397394,0.0012574291322380304,30.944743942595785,29.00516482093307
27,1701,0.0008033337155357003,0.0012606946052983402,30.951040055203052,28.993901055735826
28,1764,0.0008024606537073851,0.001250939117744565,30.955762527507368,29.027638265743644
29,1827,0.000800897283712402,0.00124637340195477,30.964231792682924,29.043518275690772
30,1890,0.000797814458492212,0.0012450264766812325,30.98098097398847,29.048214127816646
