image,fp32_mse,fp32_psnr,fake_w8a8_mse,fake_w8a8_psnr,integer_mse,integer_psnr,bicubic_mse,bicubic_psnr,fake_integer_max_abs_difference
0805,0.00038065071566961706,34.19473349343483,0.000392060523154214,34.0664688491073,0.00039218825986608863,34.065054110549966,0.0004558192449621856,33.41207342594784,0.011040151119232178
0806,0.0012578342575579882,29.00376581283577,0.0012651332654058933,28.97863724779045,0.0012643784284591675,28.981229222606974,0.0015351194888353348,28.138578147651817,0.011040151119232178
0807,0.0018997900187969208,27.212943983721036,0.0019080133643001318,27.194185876919473,0.0019083910156041384,27.19332636696391,0.0020551090128719807,26.871651361075877,0.011040151119232178
0808,0.004591694101691246,23.380270523114426,0.004600304178893566,23.372134511776736,0.004599742591381073,23.372664714207602,0.005315662361681461,22.74442612213026,0.011040151119232178
0809,9.965169010683894e-05,40.015153312048426,0.00010919533087871969,39.617959313836614,0.00010911044228123501,39.62133683801187,0.00012914437684230506,38.88924498972071,0.011040151119232178
0810,0.002971700159832835,25.26995012374208,0.002977027092128992,25.262172130830077,0.002976995427161455,25.262218324544076,0.003671752754598856,24.35126570643059,0.011040151119232178
0811,0.0003108502132818103,35.0744883031583,0.0003152152930852026,35.01392720302417,0.00031544716330245137,35.01073373687167,0.0003972537233494222,34.009320235792856,0.011040151119232178
0812,0.0003362689749337733,34.73313199996152,0.00034046635846607387,34.679257943366515,0.00034102212521247566,34.672174434533225,0.0004177805967628956,33.79051734088803,0.00883212685585022
0813,0.0007697324035689235,31.136602304796746,0.0007749805808998644,31.107091797049083,0.0007746679475530982,31.108844129099978,0.0009869046043604612,30.057248248401073,0.011040151119232178
0814,0.001288767671212554,28.898253667462658,0.0012967693619430065,28.871372588753598,0.001296504633501172,28.872259267925124,0.001541574951261282,28.12035355058224,0.011040151119232178
0815,0.0006890740478411317,31.617341063349578,0.0006972181145101786,31.566313379567447,0.0006974551361054182,31.56483723206336,0.0008252063998952508,30.83437412511278,0.011040151119232178
0816,0.00027870043413713574,35.548623547771314,0.00028481046319939196,35.45444059886697,0.0002851095050573349,35.44988303822985,0.0003280702221672982,34.840331872772275,0.011040151119232178
0817,0.0007985642878338695,30.97690115558511,0.0008075317600741982,30.92840387939617,0.0008069209288805723,30.93169020213873,0.001029966864734888,29.87176746842664,0.013248175382614136
0818,0.0015013243537396193,28.235254704338743,0.0015134075656533241,28.20044099287919,0.0015136671718209982,28.199696078820942,0.0019612950272858143,27.074570727856113,0.013248175382614136
0819,0.0002906810259446502,35.365833156546614,0.00029548758175224066,35.294607661864575,0.00029536214424297214,35.296451677915385,0.00037146382965147495,34.300834681686545,0.011040151119232178
0820,0.0005894469213671982,32.29555296243508,0.0005998164415359497,32.21981633990842,0.0005996482796035707,32.22103407976337,0.0006764678400941193,31.6975284533636,0.011040151119232178
0821,0.00019340873404871672,37.13523917721918,0.00019617978250607848,37.07345751280565,0.00019601837266236544,37.07703220623464,0.00024807779118418694,36.05412113591069,0.00883212685585022
0822,0.0005237065488472581,32.80911995297589,0.0005322709330357611,32.73867249714625,0.0005324066150933504,32.737565571029,0.0006323432317003608,31.990471255613095,0.011040151119232178
0823,0.0021332749165594578,26.709531731247928,0.0021420305129140615,26.69174346998178,0.0021432829089462757,26.689204991938805,0.0024597523733973503,26.091086117096957,0.011040151119232178
0824,0.003961505834013224,24.021397001620105,0.0039699748158454895,24.01212248242937,0.003969475626945496,24.01266860331404,0.004748402163386345,23.23452505820427,0.011040151119232178
