image,fp32_mse,fp32_psnr,integer_requant_mse,integer_requant_psnr,bicubic_mse,bicubic_psnr
0805,0.00038065071566961706,34.19473349343483,0.0003923116310033947,34.06368815995587,0.0004558192449621856,33.41207342594784
0806,0.0012578342575579882,29.00376581283577,0.0012643215013667941,28.981424762787928,0.0015351194888353348,28.138578147651817
0807,0.0018997900187969208,27.212943983721036,0.001908763311803341,27.192479211352207,0.0020551090128719807,26.871651361075877
0808,0.004591694101691246,23.380270523114426,0.004599184729158878,23.373191463635262,0.005315662361681461,22.74442612213026
0809,9.965169010683894e-05,40.015153312048426,0.00010906140232691541,39.62328922393506,0.00012914437684230506,38.88924498972071
0810,0.002971700159832835,25.26995012374208,0.002976540010422468,25.262882753198845,0.003671752754598856,24.35126570643059
0811,0.0003108502132818103,35.0744883031583,0.0003154176811221987,35.01113965418726,0.0003972537233494222,34.009320235792856
0812,0.0003362689749337733,34.73313199996152,0.000340911588864401,34.67358235220757,0.0004177805967628956,33.79051734088803
0813,0.0007697324035689235,31.136602304796746,0.0007745400071144104,31.109561448249977,0.0009869046043604612,30.057248248401073
0814,0.001288767671212554,28.898253667462658,0.0012966843787580729,28.87165721097535,0.001541574951261282,28.12035355058224
0815,0.0006890740478411317,31.617341063349578,0.0006973444251343608,31.5655266668073,0.0008252063998952508,30.83437412511278
0816,0.00027870043413713574,35.548623547771314,0.0002852343022823334,35.44798247417213,0.0003280702221672982,34.840331872772275
0817,0.0007985642878338695,30.97690115558511,0.0008069634786807001,30.931461200069936,0.001029966864734888,29.87176746842664
0818,0.0015013243537396193,28.235254704338743,0.0015138330636546016,28.199220135617672,0.0019612950272858143,27.074570727856113
0819,0.0002906810259446502,35.365833156546614,0.0002954790834337473,35.29473256815946,0.00037146382965147495,34.300834681686545
0820,0.0005894469213671982,32.29555296243508,0.0005996169638819993,32.221260889389555,0.0006764678400941193,31.6975284533636
0821,0.00019340873404871672,37.13523917721918,0.0001959657238330692,37.078198840104946,0.00024807779118418694,36.05412113591069
0822,0.0005237065488472581,32.80911995297589,0.0005322680808603764,32.73869576889139,0.0006323432317003608,31.990471255613095
0823,0.0021332749165594578,26.709531731247928,0.0021432023495435715,26.689368232925087,0.0024597523733973503,26.091086117096957
0824,0.003961505834013224,24.021397001620105,0.003969712182879448,24.012409798662308,0.004748402163386345,23.23452505820427
