epoch,train_mse,val_mse,train_psnr_db,val_psnr_db
1,0.2923469364643097,0.22986796498298645,5.34101452822478,6.385215489591788
2,0.22006346036990485,0.15674251317977905,6.574520622949019,8.048131941167767
3,0.13431494037310282,0.05422484129667282,8.718756763803464,12.658017103894743
4,0.030056020493308702,0.03151516243815422,15.220685218264974,15.014804500547164
5,0.028256253401438395,0.01620829850435257,15.488854233420168,17.902625736126588
6,0.013451716428001722,0.012816986069083214,18.712222965054952,18.92214087723024
7,0.012095689959824085,0.00892313476651907,19.173693536602656,20.494825477947277
8,0.008544360660016537,0.008353935554623604,20.683204282287655,20.781088793676787
9,0.007442331748704115,0.006006842479109764,21.282909748116154,22.213537566576704
10,0.0058655529593427975,0.004904822446405888,22.316910396658738,23.093767093730932
11,0.005178307959189017,0.0044068265706300735,22.858121252029257,23.558740406860025
12,0.0049401877137521906,0.004123234655708075,23.062565487488417,23.847619485410526
13,0.004646222293376923,0.003838018514215946,23.329000156986158,24.158929346025204
14,0.004380765495200952,0.003636609297245741,23.584499942233414,24.39303355300742
15,0.004223729235430559,0.0034672184847295284,23.743039302771468,24.600187906704747
16,0.00408917274326086,0.003322817850857973,23.883645426957617,24.78493465081638
17,0.003914462464551131,0.0031622520182281733,24.07327866992288,25.000035215751062
18,0.003796274463335673,0.0030781966634094715,24.20642396454657,25.117036369070462
19,0.0036746665680160123,0.0029459227807819843,24.34782061815247,25.307786411728866
20,0.0035752137967695794,0.002883647568523884,24.466979823996844,25.400578189866494
21,0.003501688192288081,0.002798014087602496,24.55722528269019,25.531501032278136
22,0.003481963633870085,0.0027719116769731045,24.581757690291486,25.57220612016333
23,0.003427364956587553,0.0027152271941304207,24.650396480670423,25.661938253646287
24,0.003375397886460026,0.002661149948835373,24.716750258821634,25.749306534016327
25,0.0033069160922120015,0.0026589268818497658,24.805768244850345,25.75293605220439
26,0.0032716381984452406,0.0025500089395791292,24.852347297888127,25.934582970550327
27,0.0031959490307296315,0.002531777834519744,24.95400155468615,25.96574406662324
28,0.003140223134929935,0.00241103395819664,25.03039491154246,26.177966727608467
29,0.0030137912991146246,0.002314359415322542,25.208868252732387,26.355691950946103
30,0.002894326734046141,0.0022487598471343517,25.384524439206203,26.48056921902424
