image,fp32_mse,fp32_psnr,full_integer_mse,full_integer_psnr,bicubic_mse,bicubic_psnr,integer_bilinear_max_abs_difference
0805,0.00038065071566961706,34.19473349343483,0.0003920247179018393,34.066865490256156,0.0004558192449621856,33.41207342594784,1.304289873882425e-07
0806,0.0012578342575579882,29.00376581283577,0.0012657723689121858,28.976443889584722,0.0015351194888353348,28.138578147651817,1.1359944063205063e-07
0807,0.0018997900187969208,27.212943983721036,0.001908141307352195,27.193894667750502,0.0020551090128719807,26.871651361075877,1.0705461683802042e-07
0808,0.004591694101691246,23.380270523114426,0.0046005206692400205,23.37193013757242,0.005315662361681461,22.74442612213026,1.1874180216864261e-07
0809,9.965169010683894e-05,40.015153312048426,0.00010904652259051428,39.62388179180472,0.00012914437684230506,38.88924498972071,1.304289873882425e-07
0810,0.002971700159832835,25.26995012374208,0.0029768172336857596,25.262478287185285,0.003671752754598856,24.35126570643059,1.1032702873503553e-07
0811,0.0003108502132818103,35.0744883031583,0.000315158266723881,35.014712966758296,0.0003972537233494222,34.009320235792856,8.134280937710514e-08
0812,0.0003362689749337733,34.73313199996152,0.00034078055286120034,34.675251968456266,0.0004177805967628956,33.79051734088803,7.479798558307493e-08
0813,0.0007697324035689235,31.136602304796746,0.0007747386390868845,31.10844783617949,0.0009869046043604612,30.057248248401073,1.1874180216864261e-07
0814,0.001288767671212554,28.898253667462658,0.0012972632827055268,28.86971873860106,0.001541574951261282,28.12035355058224,1.2668908810908874e-07
0815,0.0006890740478411317,31.617341063349578,0.0006973609559753114,31.565423716706103,0.0008252063998952508,30.83437412511278,1.2809155036652697e-07
0816,0.00027870043413713574,35.548623547771314,0.00028506348284199453,35.4505841305171,0.0003280702221672982,34.840331872772275,1.0705461683802042e-07
0817,0.0007985642878338695,30.97690115558511,0.0008068459206231962,30.932093924303537,0.001029966864734888,29.87176746842664,1.1266446575675104e-07
0818,0.0015013243537396193,28.235254704338743,0.0015127757346786255,28.202254503050664,0.0019612950272858143,27.074570727856113,1.220142140656577e-07
0819,0.0002906810259446502,35.365833156546614,0.00029543761362360696,35.29534213325819,0.00037146382965147495,34.300834681686545,1.0939205397075824e-07
0820,0.0005894469213671982,32.29555296243508,0.0005998826285241114,32.21933714234165,0.0006764678400941193,31.6975284533636,1.2668908810908874e-07
0821,0.00019340873404871672,37.13523917721918,0.00019604637856475345,37.076411757247556,0.00024807779118418694,36.05412113591069,9.209501972140544e-08
0822,0.0005237065488472581,32.80911995297589,0.0005322422824464278,32.73890627147,0.0006323432317003608,31.990471255613095,1.2996150000610385e-07
0823,0.0021332749165594578,26.709531731247928,0.0021417732613850902,26.692265076131427,0.0024597523733973503,26.091086117096957,1.2762406298438833e-07
0824,0.003961505834013224,24.021397001620105,0.003970922720922065,24.011085647627826,0.004748402163386345,23.23452505820427,1.2248170144779635e-07
